--------------------------------------------------------
--  File created - november-04-2020   
--------------------------------------------------------
-- Connect to SIGAA database
\c SIGAA

--------------------------------------------------------
--  DML for Table SIGAA_UNIDADE
--------------------------------------------------------
Insert into SIGAA_UNIDADE (ID,NOME) values 
            ('ENE','DEPARTAMENTO DE ENGENHARIA ELÉTRICA');
Insert into SIGAA_UNIDADE (ID,NOME) values 
            ('MAT','DEPARTAMENTO DE MATEMÁTICA');
Insert into SIGAA_UNIDADE (ID,NOME) values 
            ('IFD','INSTITUTO DE FÍSICA');
Insert into SIGAA_UNIDADE (ID,NOME) values 
            ('IQD','INSTITUTO DE QUÍMICA');
Insert into SIGAA_UNIDADE (ID,NOME) values 
            ('ENM','DEPARTAMENTO DE ENGENHARIA MECÂNICA');
Insert into SIGAA_UNIDADE (ID,NOME) values 
            ('ENC','DEPARTAMENTO DE ENGENHARIA CIVIL');
Insert into SIGAA_UNIDADE (ID,NOME) values 
            ('SOL','DEPARTAMENTO DE SOCIOLOGIA');
Insert into SIGAA_UNIDADE (ID,NOME) values 
            ('EST','DEPARTAMENTO DE ESTATÍSTICA');
Insert into SIGAA_UNIDADE (ID,NOME) values 
            ('CIC','DEPARTAMENTO DE CIÊNCIA DA COMPUTAÇÃO');
Insert into SIGAA_UNIDADE (ID,NOME) values 
            ('ECL','DEPARTAMENTO DE ECOLOGIA');
Insert into SIGAA_UNIDADE (ID,NOME) values 
            ('ECO','DEPARTAMENTO DE ECONOMIA');
Insert into SIGAA_UNIDADE (ID,NOME) values 
            ('FDD','FACULDADE DE DIREITO');
Insert into SIGAA_UNIDADE (ID,NOME) values 
            ('EPR','DEPARTAMENTO DE ENGENHARIA DE PRODUÇÃO');
Insert into SIGAA_UNIDADE (ID,NOME) values 
            ('FTD','FACULDADE DE TECNOLOGIA');

--------------------------------------------------------
--  DML for Table SIGAA_CURSO
--------------------------------------------------------
--------
-- REDES
--------
Insert into SIGAA_CURSO (ID,NOME,GRAU_ACADEMICO,TURNO,MODALIDADE,COORDENADOR) values 
 ('6351','ENGENHARIA DE REDES DE COMUNICAÇÃO','BACHAREL','DIURNO','PRESENCIAL','DANIEL GUERREIRO E SILVA');
Insert into SIGAA_RL_CURSO_UNIDADE (CURSO,UNIDADE) values
 ('6351','ENE');

-----------
-- ELÉTRICA
-----------
Insert into SIGAA_CURSO (ID,NOME,GRAU_ACADEMICO,TURNO,MODALIDADE,COORDENADOR) values 
 ('6335','ENGENHARIA ELÉTRICA','BACHAREL','DIURNO','PRESENCIAL','EDUARDO PEIXOTO FERNANDES DA SILVA');
Insert into SIGAA_RL_CURSO_UNIDADE (CURSO,UNIDADE) values
 ('6335','ENE');


--------------------------------------------------------
--  DML for Table SIGAA_CURRICULO
--------------------------------------------------------

--------
-- REDES
--------
Insert into SIGAA_CURRICULO (ID,STATUS,PERIODO_LETIVO_VIGOR,CARGA_HORARIA_MINIMA_TOTAL,CARGA_HORARIA_MINIMA_OPT,
            CARGA_HORARIA_OBR,CARGA_HORARIA_ELETIVA_MAX,CARGA_HORARIA_MAX_PERIODO,NUM_PERIODOS,MIN_PERIODOS,MAX_PERIODOS) values 
 ('6351/2','A','20201',3750,1110,2640,360,450,10,10,20);
Insert into SIGAA_RL_CURRICULO_CURSO (CURRICULO,CURSO) values
 ('6351/2','6351');

Insert into SIGAA_CURRICULO (ID,STATUS,PERIODO_LETIVO_VIGOR,CARGA_HORARIA_MINIMA_TOTAL,CARGA_HORARIA_MINIMA_OPT,
            CARGA_HORARIA_OBR,CARGA_HORARIA_ELETIVA_MAX,CARGA_HORARIA_MAX_PERIODO,NUM_PERIODOS,MIN_PERIODOS,MAX_PERIODOS) values 
 ('6351/1','A','20182',3750,1110,2640,360,450,10,10,20);
Insert into SIGAA_RL_CURRICULO_CURSO (CURRICULO,CURSO) values
 ('6351/1','6351');

Insert into SIGAA_CURRICULO (ID,STATUS,PERIODO_LETIVO_VIGOR,CARGA_HORARIA_MINIMA_TOTAL,CARGA_HORARIA_MINIMA_OPT,
            CARGA_HORARIA_OBR,CARGA_HORARIA_ELETIVA_MAX,CARGA_HORARIA_MAX_PERIODO,NUM_PERIODOS,MIN_PERIODOS,MAX_PERIODOS) values 
 ('6351/-2','I','20171',3750,1680,2070,360,450,10,10,20);
Insert into SIGAA_RL_CURRICULO_CURSO (CURRICULO,CURSO) values
 ('6351/-2','6351');

Insert into SIGAA_CURRICULO (ID,STATUS,PERIODO_LETIVO_VIGOR,CARGA_HORARIA_MINIMA_TOTAL,CARGA_HORARIA_MINIMA_OPT,
            CARGA_HORARIA_OBR,CARGA_HORARIA_ELETIVA_MAX,CARGA_HORARIA_MAX_PERIODO,NUM_PERIODOS,MIN_PERIODOS,MAX_PERIODOS) values 
 ('6351/-3','I','20161',3750,1680,2070,360,450,10,10,20);
Insert into SIGAA_RL_CURRICULO_CURSO (CURRICULO,CURSO) values
 ('6351/-3','6351');

-----------
-- ELÉTRICA
-----------
Insert into SIGAA_CURRICULO (ID,STATUS,PERIODO_LETIVO_VIGOR,CARGA_HORARIA_MINIMA_TOTAL,CARGA_HORARIA_MINIMA_OPT,
            CARGA_HORARIA_OBR,CARGA_HORARIA_ELETIVA_MAX,CARGA_HORARIA_MAX_PERIODO,NUM_PERIODOS,MIN_PERIODOS,MAX_PERIODOS) values 
 ('6335/2','A','20221',3720,885,2835,360,450,10,10,18);
Insert into SIGAA_RL_CURRICULO_CURSO (CURRICULO,CURSO) values
 ('6335/2','6335');

Insert into SIGAA_CURRICULO (ID,STATUS,PERIODO_LETIVO_VIGOR,CARGA_HORARIA_MINIMA_TOTAL,CARGA_HORARIA_MINIMA_OPT,
            CARGA_HORARIA_OBR,CARGA_HORARIA_ELETIVA_MAX,CARGA_HORARIA_MAX_PERIODO,NUM_PERIODOS,MIN_PERIODOS,MAX_PERIODOS) values 
 ('6335/1','A','20191',3720,2145,1575,360,450,10,10,18);
Insert into SIGAA_RL_CURRICULO_CURSO (CURRICULO,CURSO) values
 ('6335/1','6335');

Insert into SIGAA_CURRICULO (ID,STATUS,PERIODO_LETIVO_VIGOR,CARGA_HORARIA_MINIMA_TOTAL,CARGA_HORARIA_MINIMA_OPT,
            CARGA_HORARIA_OBR,CARGA_HORARIA_ELETIVA_MAX,CARGA_HORARIA_MAX_PERIODO,NUM_PERIODOS,MIN_PERIODOS,MAX_PERIODOS) values 
 ('6335/-2','I','20181',3930,2145,1785,360,510,10,10,18);
Insert into SIGAA_RL_CURRICULO_CURSO (CURRICULO,CURSO) values
 ('6335/-2','6335');

Insert into SIGAA_CURRICULO (ID,STATUS,PERIODO_LETIVO_VIGOR,CARGA_HORARIA_MINIMA_TOTAL,CARGA_HORARIA_MINIMA_OPT,
            CARGA_HORARIA_OBR,CARGA_HORARIA_ELETIVA_MAX,CARGA_HORARIA_MAX_PERIODO,NUM_PERIODOS,MIN_PERIODOS,MAX_PERIODOS) values 
 ('6335/-3','I','20161',3930,2115,1815,360,510,10,10,18);
Insert into SIGAA_RL_CURRICULO_CURSO (CURRICULO,CURSO) values
 ('6335/-3','6335');

-----------------------------------------------------------------------------------
--  DML for Tables SIGAA_DISCIPLINA, SIGAA_PREREQ and SIGAA_RL_CURRICULO_DISCIPLINA
-----------------------------------------------------------------------------------
-----
-- 1o
-----
--------
-- REDES
--------
-- MAT0025,CÁLCULO 1
Insert into SIGAA_DISCIPLINA (ID,UNIDADE,NOME,CARGA_HORARIA_TEORICA,CARGA_HORARIA_PRATICA,MODALIDADE) values 
  ('MAT0025','MAT','CÁLCULO 1',30,60,'Presencial');
Insert into SIGAA_RL_CURRICULO_DISCIPLINA (CURRICULO,DISCIPLINA,PERIODO,TIPO)  values 
  ('6351/2','MAT0025',1,'OBR');
  
-- MAT0031,INTRODUCAO A ALGEBRA LINEAR
Insert into SIGAA_DISCIPLINA (ID,UNIDADE,NOME,CARGA_HORARIA_TEORICA,CARGA_HORARIA_PRATICA,MODALIDADE) values 
 ('MAT0031','MAT','INTRODUÇÃO A ÁLGEBRA LINEAR',30,30,'Presencial');
Insert into SIGAA_RL_CURRICULO_DISCIPLINA (CURRICULO,DISCIPLINA,PERIODO,TIPO)  values 
  ('6351/2','MAT0031',1,'OBR');

-- IFD0171,FÍSICA 1
Insert into SIGAA_DISCIPLINA (ID,UNIDADE,NOME,CARGA_HORARIA_TEORICA,CARGA_HORARIA_PRATICA,MODALIDADE) values 
 ('IFD0171','IFD','FÍSICA 1',60,0,'Presencial');
Insert into SIGAA_RL_CURRICULO_DISCIPLINA (CURRICULO,DISCIPLINA,PERIODO,TIPO)  values 
  ('6351/2','IFD0171',1,'OBR');

-- IFD0173,FÍSICA 1 EXPERIMENTAL
Insert into SIGAA_DISCIPLINA (ID,UNIDADE,NOME,CARGA_HORARIA_TEORICA,CARGA_HORARIA_PRATICA,MODALIDADE) values 
 ('IFD0173','IFD','FÍSICA 1 EXPERIMENTAL',0,30,'Presencial');
Insert into SIGAA_RL_CURRICULO_DISCIPLINA (CURRICULO,DISCIPLINA,PERIODO,TIPO)  values 
  ('6351/2','IFD0173',1,'OBR');

-- ENE0026,INTRODUÇÃO A ENGENHARIA DE REDES DE COMUNICACÃO
Insert into SIGAA_DISCIPLINA (ID,UNIDADE,NOME,CARGA_HORARIA_TEORICA,CARGA_HORARIA_PRATICA,MODALIDADE) values 
 ('ENE0026','ENE','INTRODUÇÃO A ENGENHARIA DE REDES DE COMUNICACÃO',30,0,'Presencial');
Insert into SIGAA_RL_CURRICULO_DISCIPLINA (CURRICULO,DISCIPLINA,PERIODO,TIPO)  values 
  ('6351/2','ENE0026',1,'OBR');

-- ENE0334,COMPUTACAO PARA ENGENHARIA
Insert into SIGAA_DISCIPLINA (ID,UNIDADE,NOME,CARGA_HORARIA_TEORICA,CARGA_HORARIA_PRATICA,MODALIDADE) values 
 ('ENE0334','ENE','COMPUTACAO PARA ENGENHARIA',30,30,'Presencial');
Insert into SIGAA_RL_CURRICULO_DISCIPLINA (CURRICULO,DISCIPLINA,PERIODO,TIPO)  values 
  ('6351/2','ENE0334',1,'OBR');

-----------
-- ELÉTRICA
-----------
-- IFD0171,FÍSICA 1
Insert into SIGAA_RL_CURRICULO_DISCIPLINA (CURRICULO,DISCIPLINA,PERIODO,TIPO)  values 
  ('6335/2','IFD0171',1,'OBR');

-- IFD0173,FÍSICA 1 EXPERIMENTAL
Insert into SIGAA_RL_CURRICULO_DISCIPLINA (CURRICULO,DISCIPLINA,PERIODO,TIPO)  values 
  ('6335/2','IFD0173',1,'OBR');

-- MAT0025,CÁLCULO 1
Insert into SIGAA_RL_CURRICULO_DISCIPLINA (CURRICULO,DISCIPLINA,PERIODO,TIPO)  values 
  ('6335/2','MAT0025',1,'OBR');

 -- CIC0004,ALGORITMOS E PROGRAMAÇÃO DE COMPUTADORES
Insert into SIGAA_DISCIPLINA (ID,UNIDADE,NOME,CARGA_HORARIA_TEORICA,CARGA_HORARIA_PRATICA,MODALIDADE) values 
 ('CIC0004','CIC','ALGORITMOS E PROGRAMAÇÃO DE COMPUTADORES',60,30,'Presencial');
Insert into SIGAA_RL_CURRICULO_DISCIPLINA (CURRICULO,DISCIPLINA,PERIODO,TIPO)  values 
  ('6351/2','CIC0004',1,'OBR');

-- IQD0125,QUIMICA GERAL TEORICA
Insert into SIGAA_DISCIPLINA (ID,UNIDADE,NOME,CARGA_HORARIA_TEORICA,CARGA_HORARIA_PRATICA,MODALIDADE) values 
 ('IQD0125','IQD','QUIMICA GERAL TEORICA',60,0,'Presencial');
Insert into SIGAA_RL_CURRICULO_DISCIPLINA (CURRICULO,DISCIPLINA,PERIODO,TIPO)  values 
  ('6335/2','IQD0125',1,'OBR');

-- IQD0126,QUIMICA GERAL EXPERIMENTAL
Insert into SIGAA_DISCIPLINA (ID,UNIDADE,NOME,CARGA_HORARIA_TEORICA,CARGA_HORARIA_PRATICA,MODALIDADE) values 
 ('IQD0126','IQD','QUIMICA GERAL EXPERIMENTAL',0,30,'Presencial');
Insert into SIGAA_RL_CURRICULO_DISCIPLINA (CURRICULO,DISCIPLINA,PERIODO,TIPO)  values 
  ('6335/2','IQD0126',1,'OBR');


-----
-- 2o
-----
--------
-- REDES
--------
-- ENE0013,ALGORITMOS E ESTRUTURA DE DADOS
Insert into SIGAA_DISCIPLINA (ID,UNIDADE,NOME,CARGA_HORARIA_TEORICA,CARGA_HORARIA_PRATICA,MODALIDADE) values  
 ('ENE0013','ENE','ALGORITMOS E ESTRUTURA DE DADOS',30,30,'Presencial');
Insert into SIGAA_PREREQ (DISCIPLINA_REQUER,DISCIPLINA_REQUERIDO)  values ('ENE0013','ENE0334');
Insert into SIGAA_RL_CURRICULO_DISCIPLINA (CURRICULO,DISCIPLINA,PERIODO,TIPO)  values 
  ('6351/2','ENE0013',2,'OBR');

-- EST0023,PROBABILIDADE E ESTATÍSTICA
Insert into SIGAA_DISCIPLINA (ID,UNIDADE,NOME,CARGA_HORARIA_TEORICA,CARGA_HORARIA_PRATICA,MODALIDADE) values  
 ('EST0023','EST','PROBABILIDADE E ESTATÍSTICA',30,30,'Presencial');
Insert into SIGAA_PREREQ (DISCIPLINA_REQUER,DISCIPLINA_REQUERIDO)  values ('EST0023','MAT0025');
Insert into SIGAA_RL_CURRICULO_DISCIPLINA (CURRICULO,DISCIPLINA,PERIODO,TIPO)  values 
  ('6351/2','EST0023',2,'OBR');

-- IFD0175,FISICA 2
Insert into SIGAA_DISCIPLINA (ID,UNIDADE,NOME,CARGA_HORARIA_TEORICA,CARGA_HORARIA_PRATICA,MODALIDADE) values  
 ('IFD0175','IFD','FÍSICA 2',60,0,'Presencial');
Insert into SIGAA_PREREQ (DISCIPLINA_REQUER,DISCIPLINA_REQUERIDO)  values ('IFD0175','IFD0171');
Insert into SIGAA_PREREQ (DISCIPLINA_REQUER,DISCIPLINA_REQUERIDO)  values ('IFD0175','MAT0025');
Insert into SIGAA_RL_CURRICULO_DISCIPLINA (CURRICULO,DISCIPLINA,PERIODO,TIPO)  values 
  ('6351/2','IFD0175',2,'OBR');

-- MAT0026,CÁLCULO 2
Insert into SIGAA_DISCIPLINA (ID,UNIDADE,NOME,CARGA_HORARIA_TEORICA,CARGA_HORARIA_PRATICA,MODALIDADE) values  
 ('MAT0026','MAT','CÁLCULO 2',60,30,'Presencial');
Insert into SIGAA_PREREQ (DISCIPLINA_REQUER,DISCIPLINA_REQUERIDO)  values ('MAT0026','MAT0025');
Insert into SIGAA_RL_CURRICULO_DISCIPLINA (CURRICULO,DISCIPLINA,PERIODO,TIPO)  values 
  ('6351/2','MAT0026',2,'OBR');

-- ENE0039,SISTEMAS DIGITAIS
Insert into SIGAA_DISCIPLINA (ID,UNIDADE,NOME,CARGA_HORARIA_TEORICA,CARGA_HORARIA_PRATICA,MODALIDADE) values  
 ('ENE0039','ENE','SISTEMAS DIGITAIS',60,0,'Presencial');
Insert into SIGAA_PREREQ (DISCIPLINA_REQUER,DISCIPLINA_REQUERIDO)  values ('ENE0039','ENE0334');
Insert into SIGAA_RL_CURRICULO_DISCIPLINA (CURRICULO,DISCIPLINA,PERIODO,TIPO)  values 
  ('6351/2','ENE0039',2,'OBR');

-- ENE0040,LABORATÓRIO DE SISTEMAS DIGITAIS 
Insert into SIGAA_DISCIPLINA (ID,UNIDADE,NOME,CARGA_HORARIA_TEORICA,CARGA_HORARIA_PRATICA,MODALIDADE) values  
 ('ENE0040','ENE','LABORATÓRIO DE SISTEMAS DIGITAIS',0,30,'Presencial');
Insert into SIGAA_PREREQ (DISCIPLINA_REQUER,DISCIPLINA_REQUERIDO)  values ('ENE0040','ENE0334');
Insert into SIGAA_RL_CURRICULO_DISCIPLINA (CURRICULO,DISCIPLINA,PERIODO,TIPO)  values 
  ('6351/2','ENE0040',2,'OBR');

 ----------
-- ELÉTRICA
-----------
-- IFD0175,FISICA 2
Insert into SIGAA_RL_CURRICULO_DISCIPLINA (CURRICULO,DISCIPLINA,PERIODO,TIPO)  values 
  ('6335/2','IFD0175',2,'OBR');

-- IFD0177,FISICA 2 EXPERIMENTAL
Insert into SIGAA_DISCIPLINA (ID,UNIDADE,NOME,CARGA_HORARIA_TEORICA,CARGA_HORARIA_PRATICA,MODALIDADE) values  
 ('IFD0177','IFD','FÍSICA 2 EXPERIMENTAL',0,60,'Presencial');
Insert into SIGAA_PREREQ (DISCIPLINA_REQUER,DISCIPLINA_REQUERIDO)  values ('IFD0177','IFD0171');
Insert into SIGAA_PREREQ (DISCIPLINA_REQUER,DISCIPLINA_REQUERIDO)  values ('IFD0177','IFD0173');
Insert into SIGAA_PREREQ (DISCIPLINA_REQUER,DISCIPLINA_REQUERIDO)  values ('IFD0177','MAT0025');
Insert into SIGAA_RL_CURRICULO_DISCIPLINA (CURRICULO,DISCIPLINA,PERIODO,TIPO)  values 
  ('6335/2','IFD0177',2,'OBR');

-- MAT0026,CÁLCULO 2
Insert into SIGAA_RL_CURRICULO_DISCIPLINA (CURRICULO,DISCIPLINA,PERIODO,TIPO)  values 
  ('6335/2','MAT0026',2,'OBR');

-- MAT0031,INTRODUCAO A ALGEBRA LINEAR
Insert into SIGAA_RL_CURRICULO_DISCIPLINA (CURRICULO,DISCIPLINA,PERIODO,TIPO)  values 
  ('6335/2','MAT0031',2,'OBR');

-- ENE0039,SISTEMAS DIGITAIS
Insert into SIGAA_RL_CURRICULO_DISCIPLINA (CURRICULO,DISCIPLINA,PERIODO,TIPO)  values 
  ('6335/2','ENE0039',2,'OBR');

-- ENE0040,LABORATÓRIO DE SISTEMAS DIGITAIS 
Insert into SIGAA_RL_CURRICULO_DISCIPLINA (CURRICULO,DISCIPLINA,PERIODO,TIPO)  values 
  ('6335/2','ENE0040',2,'OBR');
 
-----
-- 3o
-----
--------
-- REDES
--------
-- ENE0022,PROJETO TRANSVERSAL EM REDES DE COMUNICAÇÃO 1
Insert into SIGAA_DISCIPLINA (ID,UNIDADE,NOME,CARGA_HORARIA_TEORICA,CARGA_HORARIA_PRATICA,MODALIDADE) values  
 ('ENE0022', 'ENE', 'PROJETO TRANSVERSAL EM REDES DE COMUNICAÇÃO 1',0,60,'Presencial');
Insert into SIGAA_PREREQ (DISCIPLINA_REQUER,DISCIPLINA_REQUERIDO)  values ('ENE0022','ENE0334');
Insert into SIGAA_PREREQ (DISCIPLINA_REQUER,DISCIPLINA_REQUERIDO)  values ('ENE0022','ENE0013');
Insert into SIGAA_RL_CURRICULO_DISCIPLINA (CURRICULO,DISCIPLINA,PERIODO,TIPO)  values 
  ('6351/2','ENE0022',3,'OBR');

-- ENE0274,FUNDAMENTOS DE REDES
Insert into SIGAA_DISCIPLINA (ID,UNIDADE,NOME,CARGA_HORARIA_TEORICA,CARGA_HORARIA_PRATICA,MODALIDADE) values  
 ('ENE0274','ENE','FUNDAMENTOS DE REDES',60,0,'Presencial');
Insert into SIGAA_PREREQ (DISCIPLINA_REQUER,DISCIPLINA_REQUERIDO)  values ('ENE0274','EST0023');
Insert into SIGAA_PREREQ (DISCIPLINA_REQUER,DISCIPLINA_REQUERIDO)  values ('ENE0274','ENE0013');
Insert into SIGAA_RL_CURRICULO_DISCIPLINA (CURRICULO,DISCIPLINA,PERIODO,TIPO)  values 
  ('6351/2','ENE0274',3,'OBR');

-- IFD0177,FISICA 2 EXPERIMENTAL
Insert into SIGAA_RL_CURRICULO_DISCIPLINA (CURRICULO,DISCIPLINA,PERIODO,TIPO)  values 
  ('6351/2','IFD0177',3,'OBR');

-- MAT0027,CÁLCULO 3
Insert into SIGAA_DISCIPLINA (ID,UNIDADE,NOME,CARGA_HORARIA_TEORICA,CARGA_HORARIA_PRATICA,MODALIDADE) values  
 ('MAT0027','MAT','CÁLCULO 3',60,30,'Presencial');
Insert into SIGAA_PREREQ (DISCIPLINA_REQUER,DISCIPLINA_REQUERIDO)  values ('MAT0027','MAT0026');
Insert into SIGAA_RL_CURRICULO_DISCIPLINA (CURRICULO,DISCIPLINA,PERIODO,TIPO)  values 
  ('6351/2','MAT0027',3,'OBR');

-- ENE0056,SISTEMAS MICROPROCESSADOS
Insert into SIGAA_DISCIPLINA (ID,UNIDADE,NOME,CARGA_HORARIA_TEORICA,CARGA_HORARIA_PRATICA,MODALIDADE) values  
 ('ENE0056','ENE','SISTEMAS MICROPROCESSADOS',60,0,'Presencial');
Insert into SIGAA_PREREQ (DISCIPLINA_REQUER,DISCIPLINA_REQUERIDO)  values ('ENE0056','ENE0039');
Insert into SIGAA_PREREQ (DISCIPLINA_REQUER,DISCIPLINA_REQUERIDO)  values ('ENE0056','ENE0040');
Insert into SIGAA_RL_CURRICULO_DISCIPLINA (CURRICULO,DISCIPLINA,PERIODO,TIPO)  values 
  ('6351/2','ENE0056',3,'OBR');

-- ENE0058,LABORATÓRIO DE SISTEMAS MICROPROCESSADOS
Insert into SIGAA_DISCIPLINA (ID,UNIDADE,NOME,CARGA_HORARIA_TEORICA,CARGA_HORARIA_PRATICA,MODALIDADE) values  
 ('ENE0058','ENE','LABORATÓRIO DE SISTEMAS MICROPROCESSADOS',0,30,'Presencial');
Insert into SIGAA_PREREQ (DISCIPLINA_REQUER,DISCIPLINA_REQUERIDO)  values ('ENE0058','ENE0039');
Insert into SIGAA_PREREQ (DISCIPLINA_REQUER,DISCIPLINA_REQUERIDO)  values ('ENE0058','ENE0040');
Insert into SIGAA_RL_CURRICULO_DISCIPLINA (CURRICULO,DISCIPLINA,PERIODO,TIPO)  values 
  ('6351/2','ENE0058',3,'OBR');

-- ENE0067,SINAIS E SISTEMAS EM TEMPO CONTÍNUO
Insert into SIGAA_DISCIPLINA (ID,UNIDADE,NOME,CARGA_HORARIA_TEORICA,CARGA_HORARIA_PRATICA,MODALIDADE) values  
 ('ENE0067','ENE','SINAIS E SISTEMAS EM TEMPO CONTÍNUO',60,0,'Presencial');
Insert into SIGAA_PREREQ (DISCIPLINA_REQUER,DISCIPLINA_REQUERIDO)  values ('ENE0067','MAT0026');
Insert into SIGAA_PREREQ (DISCIPLINA_REQUER,DISCIPLINA_REQUERIDO)  values ('ENE0067','MAT0031');
Insert into SIGAA_RL_CURRICULO_DISCIPLINA (CURRICULO,DISCIPLINA,PERIODO,TIPO)  values 
  ('6351/2','ENE0067',3,'OBR');

-----------
-- ELÉTRICA
-----------
-- MAT0027,CÁLCULO 3
Insert into SIGAA_RL_CURRICULO_DISCIPLINA (CURRICULO,DISCIPLINA,PERIODO,TIPO)  values 
  ('6335/2','MAT0027',3,'OBR');

-- MAT0053,CÁLCULO NUMÉRICO
Insert into SIGAA_DISCIPLINA (ID,UNIDADE,NOME,CARGA_HORARIA_TEORICA,CARGA_HORARIA_PRATICA,MODALIDADE) values  
 ('MAT0053','MAT','CÁLCULO NUMÉRICO',60,30,'Presencial');
Insert into SIGAA_PREREQ (DISCIPLINA_REQUER,DISCIPLINA_REQUERIDO)  values ('MAT0053','MAT0026');
Insert into SIGAA_RL_CURRICULO_DISCIPLINA (CURRICULO,DISCIPLINA,PERIODO,TIPO)  values 
  ('6335/2','MAT0053',3,'OBR');

-- ENC0035,INTRODUÇÃO À MECÂNICA DOS SÓLIDOS
Insert into SIGAA_DISCIPLINA (ID,UNIDADE,NOME,CARGA_HORARIA_TEORICA,CARGA_HORARIA_PRATICA,MODALIDADE) values  
 ('ENC0035','ENC','INTRODUÇÃO À MECÂNICA DOS SÓLIDOS',60,0,'Presencial');
Insert into SIGAA_PREREQ (DISCIPLINA_REQUER,DISCIPLINA_REQUERIDO)  values ('ENC0035','IFD0171');
Insert into SIGAA_PREREQ (DISCIPLINA_REQUER,DISCIPLINA_REQUERIDO)  values ('ENC0035','MAT0026');
Insert into SIGAA_PREREQ (DISCIPLINA_REQUER,DISCIPLINA_REQUERIDO)  values ('ENC0035','MAT0031');
Insert into SIGAA_RL_CURRICULO_DISCIPLINA (CURRICULO,DISCIPLINA,PERIODO,TIPO)  values 
  ('6335/2','ENC0035',3,'OBR');

-- ENE0066,INTRODUÇÃO AOS CIRCUITOS ELÉTRICOS
Insert into SIGAA_DISCIPLINA (ID,UNIDADE,NOME,CARGA_HORARIA_TEORICA,CARGA_HORARIA_PRATICA,MODALIDADE) values  
 ('ENE0066','ENE','INTRODUÇÃO AOS CIRCUITOS ELÉTRICOS',30,0,'Presencial');
Insert into SIGAA_PREREQ (DISCIPLINA_REQUER,DISCIPLINA_REQUERIDO)  values ('ENE0066','MAT0026');
Insert into SIGAA_PREREQ (DISCIPLINA_REQUER,DISCIPLINA_REQUERIDO)  values ('ENE0066','MAT0031');
Insert into SIGAA_RL_CURRICULO_DISCIPLINA (CURRICULO,DISCIPLINA,PERIODO,TIPO)  values 
  ('6335/2','ENE0066',3,'OBR');

-- ENE0067,SINAIS E SISTEMAS EM TEMPO CONTÍNUO
Insert into SIGAA_RL_CURRICULO_DISCIPLINA (CURRICULO,DISCIPLINA,PERIODO,TIPO)  values 
  ('6335/2','ENE0067',3,'OBR');

-- ENE0056,SISTEMAS MICROPROCESSADOS
Insert into SIGAA_RL_CURRICULO_DISCIPLINA (CURRICULO,DISCIPLINA,PERIODO,TIPO)  values 
  ('6335/2','ENE0056',3,'OBR');

-- ENE0058,LABORATÓRIO DE SISTEMAS MICROPROCESSADOS
Insert into SIGAA_RL_CURRICULO_DISCIPLINA (CURRICULO,DISCIPLINA,PERIODO,TIPO)  values 
  ('6335/2','ENE0058',3,'OBR');

-----
-- 4o
-----
--------
-- REDES
--------
-- ENE0015,FUNDAMENTOS DE REDES 2
Insert into SIGAA_DISCIPLINA (ID,UNIDADE,NOME,CARGA_HORARIA_TEORICA,CARGA_HORARIA_PRATICA,MODALIDADE) values  
 ('ENE0015','ENE','FUNDAMENTOS DE REDES 2',60,0,'Presencial');
Insert into SIGAA_PREREQ (DISCIPLINA_REQUER,DISCIPLINA_REQUERIDO)  values ('ENE0015','ENE0274');
Insert into SIGAA_RL_CURRICULO_DISCIPLINA (CURRICULO,DISCIPLINA,PERIODO,TIPO)  values 
  ('6351/2','ENE0015',4,'OBR');

-- ENE0068,SINAIS E SISTEMAS EM TEMPO DISCRETO
Insert into SIGAA_DISCIPLINA (ID,UNIDADE,NOME,CARGA_HORARIA_TEORICA,CARGA_HORARIA_PRATICA,MODALIDADE) values  
 ('ENE0068','ENE','SINAIS E SISTEMAS EM TEMPO DISCRETO',60,0,'Presencial');
Insert into SIGAA_PREREQ (DISCIPLINA_REQUER,DISCIPLINA_REQUERIDO)  values ('ENE0068','ENE0067');
Insert into SIGAA_RL_CURRICULO_DISCIPLINA (CURRICULO,DISCIPLINA,PERIODO,TIPO)  values 
  ('6351/2','ENE0068',4,'OBR');

-- ENE0091,SISTEMAS OPERACIONAIS DE REDES
Insert into SIGAA_DISCIPLINA (ID,UNIDADE,NOME,CARGA_HORARIA_TEORICA,CARGA_HORARIA_PRATICA,MODALIDADE) values  
 ('ENE0091','ENE','SISTEMAS OPERACIONAIS DE REDES',30,30,'Presencial');
Insert into SIGAA_PREREQ (DISCIPLINA_REQUER,DISCIPLINA_REQUERIDO)  values ('ENE0091','ENE0056');
Insert into SIGAA_PREREQ (DISCIPLINA_REQUER,DISCIPLINA_REQUERIDO)  values ('ENE0091','ENE0058');
Insert into SIGAA_PREREQ (DISCIPLINA_REQUER,DISCIPLINA_REQUERIDO)  values ('ENE0091','ENE0274');
Insert into SIGAA_RL_CURRICULO_DISCIPLINA (CURRICULO,DISCIPLINA,PERIODO,TIPO)  values 
  ('6351/2','ENE0091',4,'OBR');

-- ENE0177,ELETROMAGNETISMO 1 
Insert into SIGAA_DISCIPLINA (ID,UNIDADE,NOME,CARGA_HORARIA_TEORICA,CARGA_HORARIA_PRATICA,MODALIDADE) values  
 ('ENE0177','ENE','ELETROMAGNETISMO 1',60,0,'Presencial');
Insert into SIGAA_PREREQ (DISCIPLINA_REQUER,DISCIPLINA_REQUERIDO)  values ('ENE0177','MAT0027');
Insert into SIGAA_RL_CURRICULO_DISCIPLINA (CURRICULO,DISCIPLINA,PERIODO,TIPO)  values 
  ('6351/2','ENE0177',4,'OBR');

-- MAT0080,INTRODUCAO A TEORIA DOS GRAFOS
Insert into SIGAA_DISCIPLINA (ID,UNIDADE,NOME,CARGA_HORARIA_TEORICA,CARGA_HORARIA_PRATICA,MODALIDADE) values  
 ('MAT0080','MAT','INTRODUCAO A TEORIA DOS GRAFOS',60,0,'Presencial');
Insert into SIGAA_RL_CURRICULO_DISCIPLINA (CURRICULO,DISCIPLINA,PERIODO,TIPO)  values 
  ('6351/2','MAT0080',4,'OBR');

-- ENE0066,INTRODUÇÃO AOS CIRCUITOS ELÉTRICOS
Insert into SIGAA_RL_CURRICULO_DISCIPLINA (CURRICULO,DISCIPLINA,PERIODO,TIPO)  values 
  ('6351/2','ENE0066',4,'OBR');

-- IQD0125,QUIMICA GERAL TEORICA
Insert into SIGAA_RL_CURRICULO_DISCIPLINA (CURRICULO,DISCIPLINA,PERIODO,TIPO)  values 
  ('6351/2','IQD0125',4,'OBR');


----------- 
-- ELÉTRICA
----------- 
-- ECL0014,CIENCIAS DO AMBIENTE 
Insert into SIGAA_DISCIPLINA (ID,UNIDADE,NOME,CARGA_HORARIA_TEORICA,CARGA_HORARIA_PRATICA,MODALIDADE) values  
 ('ECL0014','ECL','CIENCIAS DO AMBIENTE',30,0,'Presencial');
Insert into SIGAA_RL_CURRICULO_DISCIPLINA (CURRICULO,DISCIPLINA,PERIODO,TIPO)  values 
  ('6335/2','ECL0014',4,'OBR');

-- ENE0177,ELETROMAGNETISMO 1 
Insert into SIGAA_RL_CURRICULO_DISCIPLINA (CURRICULO,DISCIPLINA,PERIODO,TIPO)  values 
  ('6335/2','ENE0177',4,'OBR');

-- ENM0080,FENOMENOS DE TRANSPORTE
Insert into SIGAA_DISCIPLINA (ID,UNIDADE,NOME,CARGA_HORARIA_TEORICA,CARGA_HORARIA_PRATICA,MODALIDADE) values  
 ('ENM0080','ENM','FENOMENOS DE TRANSPORTE',30,15,'Presencial');
Insert into SIGAA_PREREQ (DISCIPLINA_REQUER,DISCIPLINA_REQUERIDO)  values ('ENM0080','MAT0027');
Insert into SIGAA_PREREQ (DISCIPLINA_REQUER,DISCIPLINA_REQUERIDO)  values ('ENM0080','ENC0035');
Insert into SIGAA_RL_CURRICULO_DISCIPLINA (CURRICULO,DISCIPLINA,PERIODO,TIPO)  values 
  ('6335/2','ENM0080',4,'OBR');

-- ENE0282,LABORATÓRIO DE CIRCUITOS ELÉTRICOS
Insert into SIGAA_DISCIPLINA (ID,UNIDADE,NOME,CARGA_HORARIA_TEORICA,CARGA_HORARIA_PRATICA,MODALIDADE) values  
 ('ENE0282','ENE','LABORATÓRIO DE CIRCUITOS ELÉTRICOS',0,30,'Presencial');
Insert into SIGAA_PREREQ (DISCIPLINA_REQUER,DISCIPLINA_REQUERIDO)  values ('ENE0282','ENE0066');
Insert into SIGAA_PREREQ (DISCIPLINA_REQUER,DISCIPLINA_REQUERIDO)  values ('ENE0282','ENE0067');
Insert into SIGAA_RL_CURRICULO_DISCIPLINA (CURRICULO,DISCIPLINA,PERIODO,TIPO)  values 
  ('6335/2','ENE0282',4,'OBR');

-- ENE0304,CIRCUITOS ELÉTRICOS
Insert into SIGAA_DISCIPLINA (ID,UNIDADE,NOME,CARGA_HORARIA_TEORICA,CARGA_HORARIA_PRATICA,MODALIDADE) values  
 ('ENE0304','ENE','CIRCUITOS ELÉTRICOS',60,0,'Presencial');
Insert into SIGAA_PREREQ (DISCIPLINA_REQUER,DISCIPLINA_REQUERIDO)  values ('ENE0304','ENE0066');
Insert into SIGAA_PREREQ (DISCIPLINA_REQUER,DISCIPLINA_REQUERIDO)  values ('ENE0304','ENE0067');
Insert into SIGAA_RL_CURRICULO_DISCIPLINA (CURRICULO,DISCIPLINA,PERIODO,TIPO)  values 
  ('6335/2','ENE0304',4,'OBR');

-- EST0023,PROBABILIDADE E ESTATÍSTICA
Insert into SIGAA_RL_CURRICULO_DISCIPLINA (CURRICULO,DISCIPLINA,PERIODO,TIPO)  values 
  ('6335/2','EST0023',4,'OBR');

-- ENE0068,SINAIS E SISTEMAS EM TEMPO DISCRETO
Insert into SIGAA_RL_CURRICULO_DISCIPLINA (CURRICULO,DISCIPLINA,PERIODO,TIPO)  values 
  ('6335/2','ENE0068',4,'OBR');


-----
-- 5o 
-----
--------
-- REDES
--------
-- ECL0014,CIENCIAS DO AMBIENTE 
Insert into SIGAA_RL_CURRICULO_DISCIPLINA (CURRICULO,DISCIPLINA,PERIODO,TIPO)  values 
  ('6351/2','ECL0014',5,'OBR');

-- ENE0011,LABORATÓRIO DE REDES
Insert into SIGAA_DISCIPLINA (ID,UNIDADE,NOME,CARGA_HORARIA_TEORICA,CARGA_HORARIA_PRATICA,MODALIDADE) values  
 ('ENE0011','ENE','LABORATÓRIO DE REDES',0,30,'Presencial');
Insert into SIGAA_PREREQ (DISCIPLINA_REQUER,DISCIPLINA_REQUERIDO)  values ('ENE0011','ENE0015');
Insert into SIGAA_PREREQ (DISCIPLINA_REQUER,DISCIPLINA_REQUERIDO)  values ('ENE0011','ENE0091');
Insert into SIGAA_RL_CURRICULO_DISCIPLINA (CURRICULO,DISCIPLINA,PERIODO,TIPO)  values 
  ('6351/2','ENE0011',5,'OBR');

-- ENE0025,PROTOCOLOS DE TRANSPORTE E ROTEAMENTO
Insert into SIGAA_DISCIPLINA (ID,UNIDADE,NOME,CARGA_HORARIA_TEORICA,CARGA_HORARIA_PRATICA,MODALIDADE) values  
 ('ENE0025','ENE','PROTOCOLOS DE TRANSPORTE E ROTEAMENTO',60,0,'Presencial');
Insert into SIGAA_PREREQ (DISCIPLINA_REQUER,DISCIPLINA_REQUERIDO)  values ('ENE0025','ENE0015');
Insert into SIGAA_PREREQ (DISCIPLINA_REQUER,DISCIPLINA_REQUERIDO)  values ('ENE0025','MAT0080');
Insert into SIGAA_RL_CURRICULO_DISCIPLINA (CURRICULO,DISCIPLINA,PERIODO,TIPO)  values 
  ('6351/2','ENE0025',5,'OBR');

-- ENE0282,LABORATÓRIO DE CIRCUITOS ELÉTRICOS
Insert into SIGAA_RL_CURRICULO_DISCIPLINA (CURRICULO,DISCIPLINA,PERIODO,TIPO)  values 
  ('6351/2','ENE0282',5,'OBR');

-- ENE0304,CIRCUITOS ELÉTRICOS
Insert into SIGAA_RL_CURRICULO_DISCIPLINA (CURRICULO,DISCIPLINA,PERIODO,TIPO)  values 
  ('6351/2','ENE0304',5,'OBR');

-- IQD0126,QUIMICA GERAL EXPERIMENTAL
Insert into SIGAA_RL_CURRICULO_DISCIPLINA (CURRICULO,DISCIPLINA,PERIODO,TIPO)  values 
  ('6351/2','IQD0126',5,'OBR');

-----------
-- ELÉTRICA
-----------
-- ECO0019,INTRODUÇÃO À ECONOMIA
Insert into SIGAA_DISCIPLINA (ID,UNIDADE,NOME,CARGA_HORARIA_TEORICA,CARGA_HORARIA_PRATICA,MODALIDADE) values  
 ('ECO0019','ECO','INTRODUÇÃO À ECONOMIA',60,0,'Presencial');
Insert into SIGAA_RL_CURRICULO_DISCIPLINA (CURRICULO,DISCIPLINA,PERIODO,TIPO)  values 
  ('6335/2','ECO0019',5,'OBR');

-- ENE0289,CIRCUITOS POLIFÁSICOS
Insert into SIGAA_DISCIPLINA (ID,UNIDADE,NOME,CARGA_HORARIA_TEORICA,CARGA_HORARIA_PRATICA,MODALIDADE) values  
 ('ENE0289','ENE','CIRCUITOS POLIFÁSICOS',60,0,'Presencial');
Insert into SIGAA_PREREQ (DISCIPLINA_REQUER,DISCIPLINA_REQUERIDO)  values ('ENE0289','ENE0304');
Insert into SIGAA_RL_CURRICULO_DISCIPLINA (CURRICULO,DISCIPLINA,PERIODO,TIPO)  values 
  ('6335/2','ENE0289',5,'OBR');

-- ENE0049,MATERIAIS ELÉTRICOS E MAGNÉTICOS	
Insert into SIGAA_DISCIPLINA (ID,UNIDADE,NOME,CARGA_HORARIA_TEORICA,CARGA_HORARIA_PRATICA,MODALIDADE) values  
 ('ENE0049','ENE','MATERIAIS ELÉTRICOS E MAGNÉTICOS',60,0,'Presencial');
Insert into SIGAA_PREREQ (DISCIPLINA_REQUER,DISCIPLINA_REQUERIDO)  values ('ENE0049','ENE0177');
Insert into SIGAA_RL_CURRICULO_DISCIPLINA (CURRICULO,DISCIPLINA,PERIODO,TIPO)  values 
  ('6335/2','ENE0049',5,'OBR');

-- ENE0050,LABORATÓRIO DE MATERIAIS ELÉTRICOS E MAGNÉTICOS
Insert into SIGAA_DISCIPLINA (ID,UNIDADE,NOME,CARGA_HORARIA_TEORICA,CARGA_HORARIA_PRATICA,MODALIDADE) values  
 ('ENE0050','ENE','LABORATÓRIO DE MATERIAIS ELÉTRICOS E MAGNÉTICOS',0,30,'Presencial');
Insert into SIGAA_PREREQ (DISCIPLINA_REQUER,DISCIPLINA_REQUERIDO)  values ('ENE0050','ENE0177');
Insert into SIGAA_RL_CURRICULO_DISCIPLINA (CURRICULO,DISCIPLINA,PERIODO,TIPO)  values 
  ('6335/2','ENE0050',5,'OBR');

-- ENE0053,ELETROMAGNETISMO 2
Insert into SIGAA_DISCIPLINA (ID,UNIDADE,NOME,CARGA_HORARIA_TEORICA,CARGA_HORARIA_PRATICA,MODALIDADE) values  
 ('ENE0053','ENE','ELETROMAGNETISMO 2',60,0,'Presencial');
Insert into SIGAA_PREREQ (DISCIPLINA_REQUER,DISCIPLINA_REQUERIDO)  values ('ENE0053','ENE0177');
Insert into SIGAA_RL_CURRICULO_DISCIPLINA (CURRICULO,DISCIPLINA,PERIODO,TIPO)  values 
  ('6335/2','ENE0053',5,'OBR');

-- ENE0054,LABORATÓRIO DE ELETROMAGNETISMO 2
Insert into SIGAA_DISCIPLINA (ID,UNIDADE,NOME,CARGA_HORARIA_TEORICA,CARGA_HORARIA_PRATICA,MODALIDADE) values  
 ('ENE0054','ENE','LABORATÓRIO DE ELETROMAGNETISMO 2',0,30,'Presencial');
Insert into SIGAA_PREREQ (DISCIPLINA_REQUER,DISCIPLINA_REQUERIDO)  values ('ENE0054','ENE0066');
Insert into SIGAA_RL_CURRICULO_DISCIPLINA (CURRICULO,DISCIPLINA,PERIODO,TIPO)  values 
  ('6335/2','ENE0054',5,'OBR');

-- ENE0295,LABORATÓRIO DE PRINCÍPIOS DE COMUNICAÇÃO
Insert into SIGAA_DISCIPLINA (ID,UNIDADE,NOME,CARGA_HORARIA_TEORICA,CARGA_HORARIA_PRATICA,MODALIDADE) values  
 ('ENE0295','ENE','LABORATÓRIO DE PRINCÍPIOS DE COMUNICAÇÃO',0,30,'Presencial');
Insert into SIGAA_PREREQ (DISCIPLINA_REQUER,DISCIPLINA_REQUERIDO)  values ('ENE0295','EST0023');
Insert into SIGAA_PREREQ (DISCIPLINA_REQUER,DISCIPLINA_REQUERIDO)  values ('ENE0295','ENE0068');
Insert into SIGAA_RL_CURRICULO_DISCIPLINA (CURRICULO,DISCIPLINA,PERIODO,TIPO)  values 
  ('6335/2','ENE0295',5,'OBR');

-- ENE0306,PRINCÍPIOS DE COMUNICAÇÃO
Insert into SIGAA_DISCIPLINA (ID,UNIDADE,NOME,CARGA_HORARIA_TEORICA,CARGA_HORARIA_PRATICA,MODALIDADE) values  
 ('ENE0306','ENE','PRINCÍPIOS DE COMUNICAÇÃO',60,0,'Presencial');
Insert into SIGAA_PREREQ (DISCIPLINA_REQUER,DISCIPLINA_REQUERIDO)  values ('ENE0306','EST0023');
Insert into SIGAA_PREREQ (DISCIPLINA_REQUER,DISCIPLINA_REQUERIDO)  values ('ENE0306','ENE0068');
Insert into SIGAA_RL_CURRICULO_DISCIPLINA (CURRICULO,DISCIPLINA,PERIODO,TIPO)  values 
  ('6335/2','ENE0306',5,'OBR');

-----
-- 6o
-----
--------
-- REDES
--------
-- ENE0024,PROJETO TRANSVERSAL EM REDES DE COMUNICAÇÃO 2
Insert into SIGAA_DISCIPLINA (ID,UNIDADE,NOME,CARGA_HORARIA_TEORICA,CARGA_HORARIA_PRATICA,MODALIDADE) values  
 ('ENE0024','ENE','PROJETO TRANSVERSAL EM REDES DE COMUNICAÇÃO 2',30,30,'Presencial');
Insert into SIGAA_PREREQ (DISCIPLINA_REQUER,DISCIPLINA_REQUERIDO)  values ('ENE0024','ENE0022');
Insert into SIGAA_PREREQ (DISCIPLINA_REQUER,DISCIPLINA_REQUERIDO)  values ('ENE0024','ENE0091');
Insert into SIGAA_PREREQ (DISCIPLINA_REQUER,DISCIPLINA_REQUERIDO)  values ('ENE0024','ENE0274');
Insert into SIGAA_RL_CURRICULO_DISCIPLINA (CURRICULO,DISCIPLINA,PERIODO,TIPO)  values 
  ('6351/2','ENE0024',6,'OBR');

-- ENE0045,ELETRÔNICA
Insert into SIGAA_DISCIPLINA (ID,UNIDADE,NOME,CARGA_HORARIA_TEORICA,CARGA_HORARIA_PRATICA,MODALIDADE) values  
 ('ENE0045','ENE','ELETRÔNICA',60,0,'Presencial');
Insert into SIGAA_PREREQ (DISCIPLINA_REQUER,DISCIPLINA_REQUERIDO)  values ('ENE0045','ENE0304');
Insert into SIGAA_PREREQ (DISCIPLINA_REQUER,DISCIPLINA_REQUERIDO)  values ('ENE0045','ENE0282');
Insert into SIGAA_PREREQ (DISCIPLINA_REQUER,DISCIPLINA_REQUERIDO)  values ('ENE0045','ENE0177');
Insert into SIGAA_RL_CURRICULO_DISCIPLINA (CURRICULO,DISCIPLINA,PERIODO,TIPO)  values 
  ('6351/2','ENE0045',6,'OBR');

-- ENE0046,LABORATÓRIO DE ELETRÔNICA
Insert into SIGAA_DISCIPLINA (ID,UNIDADE,NOME,CARGA_HORARIA_TEORICA,CARGA_HORARIA_PRATICA,MODALIDADE) values  
 ('ENE0046','ENE','LABORATÓRIO DE ELETRÔNICA',0,30,'Presencial');
Insert into SIGAA_PREREQ (DISCIPLINA_REQUER,DISCIPLINA_REQUERIDO)  values ('ENE0046','ENE0304');
Insert into SIGAA_PREREQ (DISCIPLINA_REQUER,DISCIPLINA_REQUERIDO)  values ('ENE0046','ENE0282');
Insert into SIGAA_PREREQ (DISCIPLINA_REQUER,DISCIPLINA_REQUERIDO)  values ('ENE0046','ENE0177');
Insert into SIGAA_RL_CURRICULO_DISCIPLINA (CURRICULO,DISCIPLINA,PERIODO,TIPO)  values 
  ('6351/2','ENE0046',6,'OBR');

-- ENE0295,LABORATÓRIO DE PRINCÍPIOS DE COMUNICAÇÃO
Insert into SIGAA_RL_CURRICULO_DISCIPLINA (CURRICULO,DISCIPLINA,PERIODO,TIPO)  values 
  ('6351/2','ENE0295',6,'OBR');

-- ENE0306,PRINCÍPIOS DE COMUNICAÇÃO
Insert into SIGAA_RL_CURRICULO_DISCIPLINA (CURRICULO,DISCIPLINA,PERIODO,TIPO)  values 
  ('6351/2','ENE0306',6,'OBR');

-----------
-- ELÉTRICA
-----------
-- ENE0186,CONVERSÃO DE ENERGIA E MÁQUINAS ELÉTRICAS
Insert into SIGAA_DISCIPLINA (ID,UNIDADE,NOME,CARGA_HORARIA_TEORICA,CARGA_HORARIA_PRATICA,MODALIDADE) values  
 ('ENE0186','ENE','CONVERSÃO DE ENERGIA E MÁQUINAS ELÉTRICAS',60,0,'Presencial');
Insert into SIGAA_PREREQ (DISCIPLINA_REQUER,DISCIPLINA_REQUERIDO)  values ('ENE0186','ENE0304');
Insert into SIGAA_PREREQ (DISCIPLINA_REQUER,DISCIPLINA_REQUERIDO)  values ('ENE0186','ENE0177');
Insert into SIGAA_RL_CURRICULO_DISCIPLINA (CURRICULO,DISCIPLINA,PERIODO,TIPO)  values 
  ('6335/2','ENE0186',6,'OBR');

-- ENE0045,ELETRÔNICA
Insert into SIGAA_RL_CURRICULO_DISCIPLINA (CURRICULO,DISCIPLINA,PERIODO,TIPO)  values 
  ('6335/2','ENE0045',6,'OBR');

-- ENE0046,LABORATÓRIO DE ELETRÔNICA
Insert into SIGAA_RL_CURRICULO_DISCIPLINA (CURRICULO,DISCIPLINA,PERIODO,TIPO)  values 
  ('6335/2','ENE0046',6,'OBR');

-- ENE0071,INSTALAÇÕES ELÉTRICAS
Insert into SIGAA_DISCIPLINA (ID,UNIDADE,NOME,CARGA_HORARIA_TEORICA,CARGA_HORARIA_PRATICA,MODALIDADE) values  
 ('ENE0071','ENE','INSTALAÇÕES ELÉTRICAS',60,0,'Presencial');
Insert into SIGAA_PREREQ (DISCIPLINA_REQUER,DISCIPLINA_REQUERIDO)  values ('ENE0071','ENE0289');
Insert into SIGAA_RL_CURRICULO_DISCIPLINA (CURRICULO,DISCIPLINA,PERIODO,TIPO)  values 
  ('6335/2','ENE0071',6,'OBR');

-- ENE0077,CONTROLE DE SISTEMAS DINÂMICOS
Insert into SIGAA_DISCIPLINA (ID,UNIDADE,NOME,CARGA_HORARIA_TEORICA,CARGA_HORARIA_PRATICA,MODALIDADE) values  
 ('ENE0077','ENE','CONTROLE DE SISTEMAS DINÂMICOS',60,0,'Presencial');
Insert into SIGAA_PREREQ (DISCIPLINA_REQUER,DISCIPLINA_REQUERIDO)  values ('ENE0077','ENE0304');
Insert into SIGAA_PREREQ (DISCIPLINA_REQUER,DISCIPLINA_REQUERIDO)  values ('ENE0077','ENE0282');
Insert into SIGAA_RL_CURRICULO_DISCIPLINA (CURRICULO,DISCIPLINA,PERIODO,TIPO)  values 
  ('6335/2','ENE0077',6,'OBR');

-----
-- 7o
-----
--------
-- REDES
--------
-- ECO0019,INTRODUÇÃO À ECONOMIA
Insert into SIGAA_RL_CURRICULO_DISCIPLINA (CURRICULO,DISCIPLINA,PERIODO,TIPO)  values 
  ('6351/2','ECO0019',7,'OBR');

-- ENE0017,AVALIAÇÃO DE DESEMPENHO DE REDES E SISTEMAS
Insert into SIGAA_DISCIPLINA (ID,UNIDADE,NOME,CARGA_HORARIA_TEORICA,CARGA_HORARIA_PRATICA,MODALIDADE) values  
 ('ENE0017','ENE','AVALIAÇÃO DE DESEMPENHO DE REDES E SISTEMAS',30,30,'Presencial');
Insert into SIGAA_PREREQ (DISCIPLINA_REQUER,DISCIPLINA_REQUERIDO)  values ('ENE0017','ENE0025');
Insert into SIGAA_PREREQ (DISCIPLINA_REQUER,DISCIPLINA_REQUERIDO)  values ('ENE0017','ENE0011');
Insert into SIGAA_RL_CURRICULO_DISCIPLINA (CURRICULO,DISCIPLINA,PERIODO,TIPO)  values 
  ('6351/2','ENE0017',7,'OBR');

-- ENE0352,REDES LOCAIS
Insert into SIGAA_DISCIPLINA (ID,UNIDADE,NOME,CARGA_HORARIA_TEORICA,CARGA_HORARIA_PRATICA,MODALIDADE) values  
 ('ENE0352','ENE','REDES LOCAIS',60,0,'Presencial');
Insert into SIGAA_PREREQ (DISCIPLINA_REQUER,DISCIPLINA_REQUERIDO)  values ('ENE0352','ENE0025');
Insert into SIGAA_PREREQ (DISCIPLINA_REQUER,DISCIPLINA_REQUERIDO)  values ('ENE0352','ENE0011');
Insert into SIGAA_RL_CURRICULO_DISCIPLINA (CURRICULO,DISCIPLINA,PERIODO,TIPO)  values 
  ('6351/2','ENE0352',7,'OBR');

-----------
-- ELÉTRICA
-----------
-- FDD0155,NOÇÕES DE DIREITO
Insert into SIGAA_DISCIPLINA (ID,UNIDADE,NOME,CARGA_HORARIA_TEORICA,CARGA_HORARIA_PRATICA,MODALIDADE) values  
 ('FDD0155','FDD','NOÇÕES DE DIREITO',60,0,'Presencial');
Insert into SIGAA_RL_CURRICULO_DISCIPLINA (CURRICULO,DISCIPLINA,PERIODO,TIPO)  values 
  ('6335/2','FDD0155',7,'OBR');

-- ENE0072,LABORATÓRIO DE INSTALAÇÕES ELÉTRICAS
Insert into SIGAA_DISCIPLINA (ID,UNIDADE,NOME,CARGA_HORARIA_TEORICA,CARGA_HORARIA_PRATICA,MODALIDADE) values  
 ('ENE0072','ENE','LABORATÓRIO DE INSTALAÇÕES ELÉTRICAS',0,30,'Presencial');
Insert into SIGAA_PREREQ (DISCIPLINA_REQUER,DISCIPLINA_REQUERIDO)  values ('ENE0072','ENE0071');
Insert into SIGAA_RL_CURRICULO_DISCIPLINA (CURRICULO,DISCIPLINA,PERIODO,TIPO)  values 
  ('6335/2','ENE0072',7,'OBR');

-- ENE0073,LABORATÓRIO DE SISTEMAS ELÉTRICOS DE POTÊNCIA
Insert into SIGAA_DISCIPLINA (ID,UNIDADE,NOME,CARGA_HORARIA_TEORICA,CARGA_HORARIA_PRATICA,MODALIDADE) values  
 ('ENE0073','ENE','LABORATÓRIO DE SISTEMAS ELÉTRICOS DE POTÊNCIA',0,30,'Presencial');
Insert into SIGAA_PREREQ (DISCIPLINA_REQUER,DISCIPLINA_REQUERIDO)  values ('ENE0073','ENE0186');
Insert into SIGAA_PREREQ (DISCIPLINA_REQUER,DISCIPLINA_REQUERIDO)  values ('ENE0073','ENE0289');
Insert into SIGAA_RL_CURRICULO_DISCIPLINA (CURRICULO,DISCIPLINA,PERIODO,TIPO)  values 
  ('6335/2','ENE0073',7,'OBR');

-- ENE0078,LABORATÓRIO DE CONTROLE DE SISTEMAS DINÂMICOS
Insert into SIGAA_DISCIPLINA (ID,UNIDADE,NOME,CARGA_HORARIA_TEORICA,CARGA_HORARIA_PRATICA,MODALIDADE) values  
 ('ENE0078','ENE','LABORATÓRIO DE CONTROLE DE SISTEMAS DINÂMICOS',0,30,'Presencial');
Insert into SIGAA_PREREQ (DISCIPLINA_REQUER,DISCIPLINA_REQUERIDO)  values ('ENE0078','ENE0306');
Insert into SIGAA_RL_CURRICULO_DISCIPLINA (CURRICULO,DISCIPLINA,PERIODO,TIPO)  values 
  ('6335/2','ENE0078',7,'OBR');

-----
-- 8o
-----
--------
-- REDES
--------
-- ENE0016,GERÊNCIA DE REDES E SISTEMAS
Insert into SIGAA_DISCIPLINA (ID,UNIDADE,NOME,CARGA_HORARIA_TEORICA,CARGA_HORARIA_PRATICA,MODALIDADE) values  
 ('ENE0016','ENE','GERÊNCIA DE REDES E SISTEMAS',30,30,'Presencial');
Insert into SIGAA_PREREQ (DISCIPLINA_REQUER,DISCIPLINA_REQUERIDO)  values ('ENE0016','ENE0352');
Insert into SIGAA_PREREQ (DISCIPLINA_REQUER,DISCIPLINA_REQUERIDO)  values ('ENE0016','ENE0017');
Insert into SIGAA_RL_CURRICULO_DISCIPLINA (CURRICULO,DISCIPLINA,PERIODO,TIPO)  values 
  ('6351/2','ENE0016',8,'OBR');

-- ENE0090,SEGURANÇA DE REDES
Insert into SIGAA_DISCIPLINA (ID,UNIDADE,NOME,CARGA_HORARIA_TEORICA,CARGA_HORARIA_PRATICA,MODALIDADE) values  
 ('ENE0090','ENE','SEGURANÇA DE REDES',30,30,'Presencial');
Insert into SIGAA_PREREQ (DISCIPLINA_REQUER,DISCIPLINA_REQUERIDO)  values ('ENE0090','ENE0352');
Insert into SIGAA_RL_CURRICULO_DISCIPLINA (CURRICULO,DISCIPLINA,PERIODO,TIPO)  values 
  ('6351/2','ENE0090',8,'OBR');

-- FDD0155,NOÇÕES DE DIREITO
Insert into SIGAA_RL_CURRICULO_DISCIPLINA (CURRICULO,DISCIPLINA,PERIODO,TIPO)  values 
  ('6351/2','FDD0155',8,'OBR');

-----------
-- ELÉTRICA
-----------
-- EPR0068,ORGANIZAÇÃO INDUSTRIAL
Insert into SIGAA_DISCIPLINA (ID,UNIDADE,NOME,CARGA_HORARIA_TEORICA,CARGA_HORARIA_PRATICA,MODALIDADE) values  
 ('EPR0068','EPR','ORGANIZAÇÃO INDUSTRIAL',45,15,'Presencial');
Insert into SIGAA_PREREQ (DISCIPLINA_REQUER,DISCIPLINA_REQUERIDO)  values ('EPR0068','EST0023');
Insert into SIGAA_RL_CURRICULO_DISCIPLINA (CURRICULO,DISCIPLINA,PERIODO,TIPO)  values 
  ('6335/2','EPR0068',8,'OBR');

-- SOL0042,INTRODUÇÃO À SOCIOLOGIA
Insert into SIGAA_DISCIPLINA (ID,UNIDADE,NOME,CARGA_HORARIA_TEORICA,CARGA_HORARIA_PRATICA,MODALIDADE) values  
 ('SOL0042','SOL','INTRODUÇÃO À SOCIOLOGIA',60,0,'Presencial');
Insert into SIGAA_RL_CURRICULO_DISCIPLINA (CURRICULO,DISCIPLINA,PERIODO,TIPO)  values 
  ('6335/2','SOL0042',8,'OBR');

-- ENE0074,LABORATÓRIO DE CONVERSÃO DE ENERGIA
Insert into SIGAA_DISCIPLINA (ID,UNIDADE,NOME,CARGA_HORARIA_TEORICA,CARGA_HORARIA_PRATICA,MODALIDADE) values  
 ('ENE0074','ENE','LABORATÓRIO DE CONVERSÃO DE ENERGIA',0,30,'Presencial');
Insert into SIGAA_PREREQ (DISCIPLINA_REQUER,DISCIPLINA_REQUERIDO)  values ('ENE0074','ENE0073');
Insert into SIGAA_RL_CURRICULO_DISCIPLINA (CURRICULO,DISCIPLINA,PERIODO,TIPO)  values 
  ('6335/2','ENE0074',8,'OPT');

-----
-- 9o
-----
--------
-- REDES
--------
-- ENE0062,ESTÁGIO SUPERVISIONADO EM ENGENHARIA DE REDES DE COMUNICAÇÃO
Insert into SIGAA_DISCIPLINA (ID,UNIDADE,NOME,CARGA_HORARIA_TEORICA,CARGA_HORARIA_PRATICA,MODALIDADE) values  
 ('ENE0062','ENE','ESTÁGIO SUPERVISIONADO EM ENGENHARIA DE REDES DE COMUNICAÇÃO',0,180,'Presencial');
Insert into SIGAA_RL_CURRICULO_DISCIPLINA (CURRICULO,DISCIPLINA,PERIODO,TIPO)  values 
  ('6351/2','ENE0062',9,'OBR');

-- ENE0342,PROJETO FINAL DE GRADUAÇÃO 1
Insert into SIGAA_DISCIPLINA (ID,UNIDADE,NOME,CARGA_HORARIA_TEORICA,CARGA_HORARIA_PRATICA,MODALIDADE) values  
 ('ENE0342','ENE','PROJETO FINAL DE GRADUAÇÃO 1',0,30,'Presencial');
Insert into SIGAA_PREREQ (DISCIPLINA_REQUER,DISCIPLINA_REQUERIDO)  values ('ENE0342','ENE0024');
Insert into SIGAA_RL_CURRICULO_DISCIPLINA (CURRICULO,DISCIPLINA,PERIODO,TIPO)  values 
  ('6351/2','ENE0342',9,'OBR');

-- EPR0068,ORGANIZAÇÃO INDUSTRIAL
Insert into SIGAA_RL_CURRICULO_DISCIPLINA (CURRICULO,DISCIPLINA,PERIODO,TIPO)  values 
  ('6351/2','EPR0068',9,'OBR');

-----------
-- ELÉTRICA
-----------
-- ENE0069 - ESTÁGIO SUPERVISIONADO EM ENGENHARIA ELÉTRICA
Insert into SIGAA_DISCIPLINA (ID,UNIDADE,NOME,CARGA_HORARIA_TEORICA,CARGA_HORARIA_PRATICA,MODALIDADE) values  
 ('ENE0069','EPR','ESTÁGIO SUPERVISIONADO EM ENGENHARIA ELÉTRICA',0,180,'Presencial');
Insert into SIGAA_RL_CURRICULO_DISCIPLINA (CURRICULO,DISCIPLINA,PERIODO,TIPO)  values 
  ('6335/2','ENE0069',9,'OBR');

-- ENE0309 - TRABALHO DE CONCLUSÃO DE CURSO 1
Insert into SIGAA_DISCIPLINA (ID,UNIDADE,NOME,CARGA_HORARIA_TEORICA,CARGA_HORARIA_PRATICA,MODALIDADE) values  
 ('ENE0309','EPR','TRABALHO DE CONCLUSÃO DE CURSO 1',0,30,'Presencial');
Insert into SIGAA_RL_CURRICULO_DISCIPLINA (CURRICULO,DISCIPLINA,PERIODO,TIPO)  values 
  ('6335/2','ENE0309',9,'OBR');

-- EPR0059,HIGIENE E SEGURANÇA DO TRABALHO
Insert into SIGAA_DISCIPLINA (ID,UNIDADE,NOME,CARGA_HORARIA_TEORICA,CARGA_HORARIA_PRATICA,MODALIDADE) values  
 ('EPR0059','EPR','HIGIENE E SEGURANÇA DO TRABALHO',30,0,'Presencial');
Insert into SIGAA_PREREQ (DISCIPLINA_REQUER,DISCIPLINA_REQUERIDO)  values ('EPR0059','EPR0068');
Insert into SIGAA_RL_CURRICULO_DISCIPLINA (CURRICULO,DISCIPLINA,PERIODO,TIPO)  values 
  ('6335/2','EPR0059',9,'OBR');

------
-- 10o
------
--------
-- REDES
--------
-- ENE0343,PROJETO FINAL DE GRADUAÇÃO 2
Insert into SIGAA_DISCIPLINA (ID,UNIDADE,NOME,CARGA_HORARIA_TEORICA,CARGA_HORARIA_PRATICA,MODALIDADE) values  
 ('ENE0343','ENE','PROJETO FINAL DE GRADUAÇÃO 2',0,90,'Presencial');
Insert into SIGAA_PREREQ (DISCIPLINA_REQUER,DISCIPLINA_REQUERIDO)  values ('ENE0343','ENE0342');
Insert into SIGAA_RL_CURRICULO_DISCIPLINA (CURRICULO,DISCIPLINA,PERIODO,TIPO)  values 
  ('6351/2','ENE0343',10,'OBR');

-- EPR0059,HIGIENE E SEGURANÇA DO TRABALHO
Insert into SIGAA_RL_CURRICULO_DISCIPLINA (CURRICULO,DISCIPLINA,PERIODO,TIPO)  values 
  ('6351/2','EPR0059',10,'OBR');
  
-----------
-- ELÉTRICA
-----------
-- ENE0299,TRABALHO DE CONCLUSÃO DE CURSO 2
Insert into SIGAA_DISCIPLINA (ID,UNIDADE,NOME,CARGA_HORARIA_TEORICA,CARGA_HORARIA_PRATICA,MODALIDADE) values  
 ('ENE0299','ENE','TRABALHO DE CONCLUSÃO DE CURSO 2',0,150,'Presencial');
Insert into SIGAA_PREREQ (DISCIPLINA_REQUER,DISCIPLINA_REQUERIDO)  values ('ENE0299','ENE0309');
Insert into SIGAA_RL_CURRICULO_DISCIPLINA (CURRICULO,DISCIPLINA,PERIODO,TIPO)  values 
  ('6335/2','ENE0299',10,'OBR');
  
 ------------
 -- OPTATIVAS
 ------------
 
--------
-- REDES
--------
-- ENE0276,METODOLOGIA E DESENVOLVIMENTO DE SOFTWARE
Insert into SIGAA_DISCIPLINA (ID,UNIDADE,NOME,CARGA_HORARIA_TEORICA,CARGA_HORARIA_PRATICA,MODALIDADE) values  
 ('ENE0276','ENE','METODOLOGIA E DESENVOLVIMENTO DE SOFTWARE',60,0,'Presencial');
Insert into SIGAA_PREREQ (DISCIPLINA_REQUER,DISCIPLINA_REQUERIDO)  values ('ENE0276','ENE0013');
Insert into SIGAA_RL_CURRICULO_DISCIPLINA (CURRICULO,DISCIPLINA,PERIODO,TIPO)  values 
  ('6351/2','ENE0276',NULL,'OPT');

-- ENE0089,CABEAMENTO ESTRUTURADO
Insert into SIGAA_DISCIPLINA (ID,UNIDADE,NOME,CARGA_HORARIA_TEORICA,CARGA_HORARIA_PRATICA,MODALIDADE) values  
 ('ENE0089','ENE','CABEAMENTO ESTRUTURADO',30,30,'Presencial');
Insert into SIGAA_PREREQ (DISCIPLINA_REQUER,DISCIPLINA_REQUERIDO)  values ('ENE0089','ENE0274');
Insert into SIGAA_RL_CURRICULO_DISCIPLINA (CURRICULO,DISCIPLINA,PERIODO,TIPO)  values 
  ('6351/2','ENE0089',NULL,'OPT');

-- SOL0042,INTRODUÇÃO À SOCIOLOGIA
Insert into SIGAA_RL_CURRICULO_DISCIPLINA (CURRICULO,DISCIPLINA,PERIODO,TIPO)  values 
  ('6351/2','SOL0042',NULL,'OPT');

-- ENE0211,TEORIA DA INFORMACAO
Insert into SIGAA_DISCIPLINA (ID,UNIDADE,NOME,CARGA_HORARIA_TEORICA,CARGA_HORARIA_PRATICA,MODALIDADE) values  
 ('ENE0211','ENE','TEORIA DA INFORMACAO',60,0,'Presencial');
Insert into SIGAA_PREREQ (DISCIPLINA_REQUER,DISCIPLINA_REQUERIDO)  values ('ENE0211','ENE0306');
Insert into SIGAA_RL_CURRICULO_DISCIPLINA (CURRICULO,DISCIPLINA,PERIODO,TIPO)  values 
  ('6351/2','ENE0211',NULL,'OPT');

-- ENE0262,COMUNICACOES DIGITAIS
Insert into SIGAA_DISCIPLINA (ID,UNIDADE,NOME,CARGA_HORARIA_TEORICA,CARGA_HORARIA_PRATICA,MODALIDADE) values  
 ('ENE0262','ENE','COMUNICACOES DIGITAIS',60,0,'Presencial');
Insert into SIGAA_PREREQ (DISCIPLINA_REQUER,DISCIPLINA_REQUERIDO)  values ('ENE0262','ENE0306');
Insert into SIGAA_RL_CURRICULO_DISCIPLINA (CURRICULO,DISCIPLINA,PERIODO,TIPO)  values 
  ('6351/2','ENE0262',NULL,'OPT');

-- ENE0329,COMUNICACOES OPTICAS
Insert into SIGAA_DISCIPLINA (ID,UNIDADE,NOME,CARGA_HORARIA_TEORICA,CARGA_HORARIA_PRATICA,MODALIDADE) values  
 ('ENE0329','ENE','COMUNICACOES OPTICAS',60,0,'Presencial');
Insert into SIGAA_PREREQ (DISCIPLINA_REQUER,DISCIPLINA_REQUERIDO)  values ('ENE0329','ENE0306');
Insert into SIGAA_RL_CURRICULO_DISCIPLINA (CURRICULO,DISCIPLINA,PERIODO,TIPO)  values 
  ('6351/2','ENE0329',NULL,'OPT');

-- ENE0007,REDES DE TELECOMUNICAÇÕES
Insert into SIGAA_DISCIPLINA (ID,UNIDADE,NOME,CARGA_HORARIA_TEORICA,CARGA_HORARIA_PRATICA,MODALIDADE) values  
 ('ENE0007','ENE','REDES DE TELECOMUNICAÇÕES',60,0,'Presencial');
Insert into SIGAA_PREREQ (DISCIPLINA_REQUER,DISCIPLINA_REQUERIDO)  values ('ENE0007','ENE0306');
Insert into SIGAA_PREREQ (DISCIPLINA_REQUER,DISCIPLINA_REQUERIDO)  values ('ENE0007','ENE0025');
Insert into SIGAA_RL_CURRICULO_DISCIPLINA (CURRICULO,DISCIPLINA,PERIODO,TIPO)  values 
  ('6351/2','ENE0007',NULL,'OPT');

-- ENE0064,REDES SEM FIO
Insert into SIGAA_DISCIPLINA (ID,UNIDADE,NOME,CARGA_HORARIA_TEORICA,CARGA_HORARIA_PRATICA,MODALIDADE) values  
 ('ENE0064','ENE','REDES SEM FIO',60,0,'Presencial');
Insert into SIGAA_PREREQ (DISCIPLINA_REQUER,DISCIPLINA_REQUERIDO)  values ('ENE0064','ENE0025');
Insert into SIGAA_PREREQ (DISCIPLINA_REQUER,DISCIPLINA_REQUERIDO)  values ('ENE0064','ENE0011');
Insert into SIGAA_RL_CURRICULO_DISCIPLINA (CURRICULO,DISCIPLINA,PERIODO,TIPO)  values 
  ('6351/2','ENE0064',NULL,'OPT');

-- ENE0344,COMUNICAÇÕES MÓVEIS
Insert into SIGAA_DISCIPLINA (ID,UNIDADE,NOME,CARGA_HORARIA_TEORICA,CARGA_HORARIA_PRATICA,MODALIDADE) values  
 ('ENE0344','ENE','COMUNICAÇÕES MÓVEIS',60,0,'Presencial');
Insert into SIGAA_PREREQ (DISCIPLINA_REQUER,DISCIPLINA_REQUERIDO)  values ('ENE0344','ENE0306');
Insert into SIGAA_PREREQ (DISCIPLINA_REQUER,DISCIPLINA_REQUERIDO)  values ('ENE0344','ENE0295');
Insert into SIGAA_RL_CURRICULO_DISCIPLINA (CURRICULO,DISCIPLINA,PERIODO,TIPO)  values 
  ('6351/2','ENE0344',NULL,'OPT');
  
-- ENE0088,SISTEMAS DE INFORMAÇÃO DISTRIBUÍDOS
Insert into SIGAA_DISCIPLINA (ID,UNIDADE,NOME,CARGA_HORARIA_TEORICA,CARGA_HORARIA_PRATICA,MODALIDADE) values  
 ('ENE0088','ENE','SISTEMAS DE INFORMAÇÃO DISTRIBUÍDOS',30,30,'Presencial');
Insert into SIGAA_PREREQ (DISCIPLINA_REQUER,DISCIPLINA_REQUERIDO)  values ('ENE0088','ENE0025');
Insert into SIGAA_RL_CURRICULO_DISCIPLINA (CURRICULO,DISCIPLINA,PERIODO,TIPO)  values 
  ('6351/2','ENE0088',9,'OPT');

-- FTD0007,INTRODUCAO A ATIVIDADE EMPRESARIAL
Insert into SIGAA_DISCIPLINA (ID,UNIDADE,NOME,CARGA_HORARIA_TEORICA,CARGA_HORARIA_PRATICA,MODALIDADE) values  
 ('FTD0007','FTD','INTRODUCAO A ATIVIDADE EMPRESARIAL',0,60,'Presencial');
Insert into SIGAA_RL_CURRICULO_DISCIPLINA (CURRICULO,DISCIPLINA,PERIODO,TIPO)  values 
  ('6351/2','FTD0007',9,'OPT');

 
 -----------
-- ELÉTRICA
-----------
 -- ENE0155,INTRODUÇÃO A ENGENHARIA ELÉTRICA
Insert into SIGAA_DISCIPLINA (ID,UNIDADE,NOME,CARGA_HORARIA_TEORICA,CARGA_HORARIA_PRATICA,MODALIDADE) values  
 ('ENE0155','ENE','INTRODUÇÃO A ENGENHARIA ELÉTRICA',30,0,'Presencial');
Insert into SIGAA_RL_CURRICULO_DISCIPLINA (CURRICULO,DISCIPLINA,PERIODO,TIPO)  values 
  ('6335/2','ENE0155',NULL,'OPT');

-- ENE0276,METODOLOGIA E DESENVOLVIMENTO DE SOFTWARE
Insert into SIGAA_RL_CURRICULO_DISCIPLINA (CURRICULO,DISCIPLINA,PERIODO,TIPO)  values 
  ('6335/2','ENE0276',NULL,'OPT');

-- ENE0211,TEORIA DA INFORMACAO
Insert into SIGAA_RL_CURRICULO_DISCIPLINA (CURRICULO,DISCIPLINA,PERIODO,TIPO)  values 
  ('6335/2','ENE0211',NULL,'OPT');

-- ENE0262,COMUNICACOES DIGITAIS
Insert into SIGAA_RL_CURRICULO_DISCIPLINA (CURRICULO,DISCIPLINA,PERIODO,TIPO)  values 
  ('6335/2','ENE0262',NULL,'OPT');

-- ENE0329,COMUNICACOES OPTICAS
Insert into SIGAA_RL_CURRICULO_DISCIPLINA (CURRICULO,DISCIPLINA,PERIODO,TIPO)  values 
  ('6335/2','ENE0329',NULL,'OPT');

-- ENE0344,COMUNICAÇÕES MÓVEIS
Insert into SIGAA_RL_CURRICULO_DISCIPLINA (CURRICULO,DISCIPLINA,PERIODO,TIPO)  values 
  ('6335/2','ENE0344',NULL,'OPT');
  
-- ENE0088,SISTEMAS DE INFORMAÇÃO DISTRIBUÍDOS
Insert into SIGAA_RL_CURRICULO_DISCIPLINA (CURRICULO,DISCIPLINA,PERIODO,TIPO)  values 
  ('6335/2','ENE0088',9,'OPT');

-- FTD0007,INTRODUCAO A ATIVIDADE EMPRESARIAL
Insert into SIGAA_RL_CURRICULO_DISCIPLINA (CURRICULO,DISCIPLINA,PERIODO,TIPO)  values 
  ('6335/2','FTD0007',9,'OPT');
